{
    "desktop_home": "Trang Chủ Desktop",
    "desktop_footer": "Desktop Footer",
    "desktop_footer_widgets": "Desktop Footer Widgets",
    "desktop_home_product_tabs": "Tab sản phẩm trên Desktop",
    "desktop_team_members": "Desktop: Thành viên nhóm",
    "desktop_home_reviews": "Desktop: Đánh giá sản phẩm",
    "affiliate_settings": "Affiliate Settings",
    "desktop_sidebar_post": "Desktop Post Sidebar Widgets",
    "desktop_sidebar_page": "Desktop Page Sidebar Widgets",
    "mobile_home": "Trang Chủ mobile",
    "mobile_footer": "Mobile Footer",
    "mobile_home_services": "Mobile Home Services",
    "mobile_home_reviews": "Mobile: Đánh giá sản phẩm",
    "mobile_home_categories": "Mobile: Danh mục"
    
    
}