{
    "title": "demo options",
    "groups": {
        "general": {
            "label": "Chung",
            "file": "general.json"
        },
        "header": {
            "label": "Header",
            "file": "header.json"
        },
        "footer": {
            "label": "Footer",
            "file": "footer.json"
        },
        "sidebar": {
            "label": "Sidebar",
            "file": "sidebar.json"
        },
        "home": {
            "label": "Home",
            "file": "home.json"
        },
        "shop": {
            "label": "Shop",
            "file": "shop.json"
        },
        "posts": {
            "label": "Bài viết",
            "file": "posts.json"
        },
        "pages": {
            "label": "Bài viết",
            "file": "pages.json"
        },
        "socials": {
            "label": "MXH ",
            "file": "socials.json"
        },
        "contacts": {
            "label": "Liên hệ ",
            "file": "contacts.json"
        }
    }
}