{
    "label": "Tài liệu",
    "inputs": {
        "home": {
            "type": "area",
            "label": "Home Widgets",
            "value": "home_docs"
        },
        "post_docs": {
            "type": "area",
            "label": "Post Widgets",
            "value": "post_docs"
        },
        
        "left_widgets": {
            "type": "area",
            "label": "Left Sidebar Widgets",
            "value": "sidebar_docs_left"
        },
        "right_widgets": {
            "type": "area",
            "label": "Right Sidebar Widgets",
            "value": "sidebar_docs_right"
        }
    }
}