{
    "label": "Footer",
    "inputs": {
        "desktop_components": {
            "type": "area",
            "label": "Desktop Footer Components",
            "value": "desktop_footer",
            "@title-by": "title"
        },
        "desktop_widgets": {
            "type": "area",
            "label": "Desktop Footer Widget",
            "value": "desktop_footer_widgets",
            "@title-by": "title"
        },
        "mobile_style": {
            "type": "radio",
            "label": "Footer Style",
            "data": {
                "1": "Style 1",
                "2": "Style 2",
                "3": "Style 3"
            },
            "default": 1
        },
        "mobile_components": {
            "type": "area",
            "label": "Mobile Footer Components",
            "value": "mobile_footer",
            "@title-by": "title"
        }
    },
    "config": {
        "name": "Thiết lập footer",
        "layout_type": "single",
        "form_groups": {
            "desktop": {
                "title": "Footer bản desktop",
                "inputs": [
                    "desktop_components", "desktop_widgets"
                ]
            },
            "mobile": {
                "title": "Thiết lập chung trên mobile",
                "inputs": [
                    "mobile_style",
                    "mobile_components"
                ]
            }
        }
    }
}