{
    "label": "Chung",
    "inputs": {
        "desktop_show_loader": {
            "type": "switch",
            "label": "Show Loader",
            "value_type": "boolean",
            "check_label": "Hiển thị Loader",
            "value": true
        },
        "mobile_show_loader": {
            "type": "switch",
            "label": "Show Loader",
            "value_type": "boolean",
            "check_label": "Hiển thị Loader",
            "value": true
        },
        "mobile_color": {
            "type": "colorselect",
            "label": "Màu chủ dạo",
            "@colors": {
                "orange": {
                    "text": "Cam",
                    "color": "#ff5722",
                    "value": "orange"
                },
                "pink": {
                    "text": "Hồng",
                    "color": "#fe6787",
                    "value": "pink"
                },
                "brown": {
                    "text": "Nâu",
                    "color": "#ff4011",
                    "value": "brown"
                },
                "green": {
                    "text": "Xanh lá",
                    "color": "#2eb82e",
                    "value": "green"
                },
                "blue": {
                    "text": "Xanh da trời",
                    "color": "#1c94fd",
                    "value": "blue"
                },
                "red": {
                    "text": "Đỏ",
                    "color": "#ff2b2b",
                    "value": "red"
                },
                "lightgreen": {
                    "text": "Xanh lá nhẹ",
                    "color": "#92c100",
                    "value": "lightgreen"
                },
                "sea": {
                    "text": "Xanh nước biển",
                    "color": "#29a3a3",
                    "value": "sea"
                },
                "purple": {
                    "text": "Tím",
                    "color": "#af40af",
                    "value": "purple"
                },
                "yellow": {
                    "text": "Vàng",
                    "color": "#f9a006",
                    "value": "yellow"
                },
                "cyan-blue": {
                    "text": "Xanh Cyan",
                    "color": "#f9a006",
                    "value": "cyan-blue"
                },
                "skin": {
                    "text": "Màu da",
                    "color": "#c99636",
                    "value": "skin"
                }
            },
            "value": "blue"
        },
        "mobile_logo_type": {
            "type": "radio",
            "label": "Loại logo",
            "data": {
                "text": "Text",
                "image": "Ảnh"
            },
            "default": "text"
        },
        "mobile_logo": {
            "type": "file",
            "label": "Logo trên mobile"
        },
        "mobile_logo_icon": {
            "type": "iconpicker",
            "label": "Icon Logo",
            "default": "far fa-star"
        },
        "mobile_logo_text": {
            "type": "text",
            "label": "Text Logo",
            "placeholder": "Dùng thẻ span dể tô màu"
        },
        "mobile_sidebar_menu_id": {
            "type": "select",
            "label": "Sidebar Menu",
            "call": "get_menu_options"
        },
        "mobile_full_screen_menu_id": {
            "type": "select",
            "label": "Menu Full màn hình",
            "call": "get_menu_options"
        }
    },
    "config": {
        "name": "Thiết lập mục đăng bài",
        "layout_type": "single",
        "form_groups": {
            "desktop": {
                "title": "Thiết lập chung trên desktop",
                "inputs": [
                    "desktop_show_loader"
                ]
            },
            "mobile": {
                "title": "Thiết lập chung trên mobile",
                "inputs": [
                    "mobile_color",
                    "mobile_show_loader",
                    "nobile_logo_type",
                    "mobile_logo",
                    "mobile_logo_icon",
                    "mobile_logo_text",
                    "mobile_sidebar_menu_id",
                    "mobile_full_screen_menu_id"
                ]
            }
        }
    }
}