{
    "label": "Header",
    "inputs": {
        "desktop_show_top_header": {
            "type": "switch",
            "label": "Header Top",
            "value_type": "boolean",
            "check_label": "Hiển thị Top Header",
            "default": true
        },
        "desktop_logo": {
            "type": "file",
            "label": "Logo"
        }


    },
    "config": {
        "name": "Thiết lập mục đăng bài",
        "layout_type": "single",
        "form_groups": {
            "desktop": {
                "title": "Thiết lập trên desktop",
                "inputs": [
                    "desktop_show_top_header",
                    "desktop_logo"
                ]
            },
            "mobile": {
                "title": "Thiết lập trên mobile",
                "inputs": [
                    
                ]
            }
        }
    }
}