{
    "label": "Trang chủ",
    "inputs": {
        "desktop_home": {
            "type": "area",
            "label": "Trang chủ desktop",
            "value": "desktop_home",
            "@title-by": "title"
        },
        "desktop_product_tabs": {
            "type": "area",
            "label": "Tab sản phẩm trên Trang chủ desktop",
            "value": "desktop_home_product_tabs",
            "@title-by": "title"
        },
        "desktop_members": {
            "type": "area",
            "label": "Danh sách thành viên tùy biến trên Desktop",
            "value": "desktop_team_members",
            "@title-by": "name"
        },
        "desktop_reviews": {
            "type": "area",
            "label": "Danh sách Review trên Desktop",
            "value": "desktop_home_reviews",
            "@title-by": "name"
        },
        "mobile_home": {
            "type": "area",
            "label": "Trang chủ mobile",
            "value": "mobile_home",
            "@title-by": "title"
        },
        "mobile_categories": {
            "type": "area",
            "label": "Danh sách Category trên Mobile",
            "value": "mobile_home_categories",
            "@title-by": "name"
        },
        "mobile_services": {
            "type": "area",
            "label": "Danh sách dịch vụ trên mobile",
            "value": "mobile_home_services",
            "@title-by": "title"
        },
        "mobile_reviews": {
            "type": "area",
            "label": "Danh sách Review trên Mobile",
            "value": "mobile_home_reviews",
            "@title-by": "name"
        }
        
    },
    "config": {
        "name": "Thiết lập mục đăng bài",
        "layout_type": "column",
        "form_groups": {
            "desktop": {
                "title": "Thiết lập trên desktop",
                "class": "col-md-6",
                "inputs": [
                    "desktop_home",
                    "desktop_product_tabs",
                    "desktop_members",
                    "desktop_reviews"
                ]
            },
            "mobile": {
                "title": "Thiết lập trên mobile",
                "class": "col-md-6",
                "inputs": [
                    "mobile_home",
                    "mobile_categories",
                    "mobile_services",
                    "mobile_reviews"
                ]
            }
        }
    }
}