{
    "label": "Trang",
    "inputs": {
        "desktop_page_header_show": {
            "type": "switch",
            "label": "Show Page Header",
            "value_type": "boolean",
            "check_label": "Hiển thị page header",
            "value": true
        },
        "desktop_page_header_background_type": {
            "type": "radio",
            "label": "Loại hình nền Header",
            "data": {
                "default": "Mặc định",
                "custom": "Tùy chỉnh"
            },
            "default": "default"
        },
        "desktop_page_header_background": {
            "type": "file",
            "label": "hình nền page header",
            "accept": "image/*"
        },
        "desktop_page_header_use_feature_image": {
            "type": "switch",
            "label": "Use Post Image",
            "check_label": "Sử dụng ảnh của Bài viết làm hình nền page header"
        },
        
        "desktop_list_type": {
            "type": "radio",
            "label": "kiểu danh sách",
            "data": {
                "fullwidth": "Danh sách 3 cột",
                "sidebar": "Danh sách 2 cột và sidebar"
            },
            "value": "fullwidth"
        },
        "desktop_detail_hide_feature_image": {
            "type": "switch",
            "label": "Hide Feature Image",
            "value_type": "boolean",
            "check_label": "Ẩn ảnh nổi bật trên phần đầu nội dung "
        },
        "desktop_detail_layout_type": {
            "type": "radio",
            "label": "Layout trang chi tiết",
            "data": {
                "fullwidth": "fullwidth",
                "container": "Container",
                "boxed": "boxed"
            },
            "value": "boxed"
        },


        
        "desktop_detail_title_align_center": {
            "type": "switch",
            "label": "Title Align Center",
            "value_type": "boolean",
            "check_label": "Hiển thị title chính giữa"
        },
        "desktop_detail_hide_title": {
            "type": "switch",
            "label": "Hide Title",
            "value_type": "boolean",
            "check_label": "Ẩn title"
        },
        "desktop_detail_hide_author": {
            "type": "switch",
            "label": "Ẩn tác giả",
            "value_type": "boolean",
            "check_label": "Ẩn / không hiển thị thông tin & tác giả"
        },
        "desktop_detail_show_comment_form": {
            "type": "switch",
            "label": "Hiển thị form bình luận",
            "check_label": "Có"
        },
        "mobile_page_cover_show": {
            "type": "switch",
            "label": "Show Page cover",
            "value_type": "boolean",
            "check_label": "Hiển thị page cover",
            "value": true
        },
        "mobile_page_cover_icon": {
            "type": "iconpicker",
            "label": "Cover Icon"
        },
        "mobile_detail_layout_type": {
            "type": "radio",
            "label": "Layout trang chi tiết",
            "data": {
                "fullwidth": "fullwidth",
                "container": "Container",
                "boxed": "boxed"
            },
            "value": "boxed"
        },
        "mobile_detail_hide_feature_image": {
            "type": "switch",
            "label": "Hide Feature Image",
            "value_type": "boolean",
            "check_label": "Ẩn ảnh nổi bật trên phần đầu nội dung "
        },
        "mobile_detail_hide_title": {
            "type": "switch",
            "label": "Hide Title",
            "value_type": "boolean",
            "check_label": "Ẩn title"
        },
        "mobile_detail_hide_meta": {
            "type": "switch",
            "label": "Ẩn tác giả",
            "value_type": "boolean",
            "check_label": "Ẩn / không hiển thị thông tin & tác giả"
        },
        "mobile_detail_hide_comment_form": {
            "type": "switch",
            "label": "Ẩn form bình luận"
        }
    },
    "config": {
        "name": "Thiết lập mục đăng bài",
        "layout_type": "single",
        "form_groups": {
            "desktop": {
                "title": "Thiết lập chung trên desktop",
                "inputs": [
                    "desktop_page_header_show",
                    "desktop_page_header_background_type",
                    "desktop_page_header_background",
                    "desktop_page_header_use_feature_image",
                    "desktop_list_type"
                ]
            },
            "detail_desktop": {
                "title": "Thiết lập trang chi tiết trên desktop",
                "inputs": [
                    "desktop_detail_layout_type",
                    "desktop_detail_show_comment_form",
                    "desktop_detail_hide_feature_image",
                    "desktop_detail_title_align_center",
                    "desktop_detail_hide_title",
                    "desktop_detail_hide_author"
                ]
            },
            "mobile": {
                "title": "Thiết lập trên mobile",
                "inputs": [
                    "mobile_page_cover_show",
                    "mobile_page_cover_icon",
                    "mobile_detail_layout_type",
                    "mobile_detail_hide_feature_image",
                    "mobile_detail_hide_title",
                    "mobile_detail_hide_meta",
                    "mobile_detail_hide_comment_form"
                ]
            }
        }
    }
}