{
    "label": "Bài viết",
    "inputs": {
        "desktop_page_header_show": {
            "type": "switch",
            "label": "Show Page Header",
            "value_type": "boolean",
            "check_label": "Hiển thị page header",
            "value": true
        },
        "desktop_page_header_background_type": {
            "type": "radio",
            "label": "Loại hình nền Header",
            "data": {
                "default": "Mặc định",
                "custom": "Tùy chỉnh"
            },
            "default": "default"
        },
        "desktop_page_header_background": {
            "type": "file",
            "label": "hình nền page header",
            "accept": "image/*"
        },
        "desktop_page_header_use_category_image": {
            "type": "switch",
            "label": "Use Category Image",
            "check_label": "Sử dụng ảnh của danh mục làm hình nền page header"
        },
        "desktop_page_header_use_post_image": {
            "type": "switch",
            "label": "Use Post Image",
            "check_label": "Sử dụng ảnh của Bài viết làm hình nền page header"
        },
        "desktop_list_type": {
            "type": "radio",
            "label": "kiểu danh sách",
            "data": {
                "fullwidth": "Danh sách 3 cột",
                "sidebar": "Danh sách 2 cột và sidebar"
            },
            "value": "fullwidth"
        },
        "desktop_detail_hide_feature_image": {
            "type": "switch",
            "label": "Hide Feature Image",
            "value_type": "boolean",
            "check_label": "Ẩn ảnh nổi bật trên phần đầu nội dung "
        },
        "desktop_detail_show_comment_form": {
            "type": "switch",
            "label": "Hiển thị form bình luận",
            "check_label": "Có"
        },
        "mobile_page_cover_show": {
            "type": "switch",
            "label": "Show Page cover",
            "value_type": "boolean",
            "check_label": "Hiển thị page cover",
            "value": true
        },
        "mobile_page_cover_icon": {
            "type": "iconpicker",
            "label": "Cover Icon"
        },
        "mobile_detail_hide_feature_image": {
            "type": "switch",
            "label": "Hide Feature Image",
            "value_type": "boolean",
            "check_label": "Ẩn ảnh nổi bật trên phần đầu nội dung "
        },
        "mobile_detail_show_comment_form": {
            "type": "switch",
            "label": "Hiển thị form bình luận",
            "check_label": "Có"
        }
    },
    "config": {
        "name": "Thiết lập mục đăng bài",
        "layout_type": "single",
        "form_groups": {
            "desktop": {
                "title": "Thiết lập bãn desktop",
                "inputs": [
                    "desktop_page_header_background_type",
                    "desktop_page_header_show",
                    "desktop_page_header_background",
                    "desktop_page_header_use_category_image",
                    "desktop_page_header_use_post_image",
                    "desktop_list_type",
                    "desktop_show_comment_form"
                ]
            },
            "mobile": {
                "title": "Thiết lập trên mobile",
                "inputs": [
                    "mobile_page_cover_show",
                    "mobile_page_cover_icon",
                    "mobile_detail_hide_feature_image",
                    "mobile_detail_show_comment_form"
                ]
            }
        }
    }
}