{
    "label": "PreLoader",
    "inputs": {
        "show": {
            "type": "switch",
            "label": "Show",
            "value_type": "boolean",
            "check_label": "Hiển thị Pre Loader"
        },
        "logo": {
            "type": "file",
            "label": "Logo"
        },
        "text": {
            "type": "text",
            "label": "Text Logo",
            "placeholder": "Sử dủng thẻ <span> để in dậm"
        },
        "title": {
            "type": "text",
            "label": "Tiêu đề (Tùy chọn)"
        },
        "description": {
            "type": "textarea",
            "label":"Mô tả",
            "placeholder": "Danh sách nhăn cách nhau bằng dấu chấm phẩy (;) hoặc xuống dòng",
            "className": "auto-height"
        }
    }
}