{
    "label": "Dịch vụ",
    "inputs": {
        "header_style": {
            "type": "radio",
            "label": "Header Style mặc định",
            "data": {
                "1": "Style 1",
                "2": "Style 2"
            },
            "default": "2"
        },
        "show_breadcrumb": {
            "type": "switch",
            "label": "Breadcrumb",
            "value_type": "boolean",
            "check_label": "Hiển thị breadcrumb"
        },
        


        "header_align_center": {
            "type": "switch",
            "label": "Align Center",
            "value_type": "boolean",
            "check_label": "Hiển thị chính giữa"
        },
        "header_bg_default_color": {
            "type": "radio",
            "label": "Màu có sẵn",
            "data":{
                "": "Mặc định",
                "gray": "Gray",
                "light": "Light",
                "theme-small": "Theme Small",
                "theme": "Theme"
            }
        },
        "header_bg_color": {
            "type": "text",
            "label":"Mã màu (Tùy chọn)",
            "placeholder": "Nhập mã màu..."
        },
        "header_use_bg_image": {
            "type": "switch",
            "label": "Sử dụng hình nền",
            "value_type": "boolean",
            "check_label": "Có"
        },
        "header_bg_image": {
            "type": "file",
            "label": "Hình nền (Tùy chọn)"
        },
        "header_bg_position":{
            "type": "radio",
            "label": "Vị trí ảnh",
            "data": {
                "": "Không",
                "cover": "cover",
                "contain": "contain",
                "fixed": "fixed"
            }
        },
        "header_class_name": {
            "type": "text",
            "label": "Class (Tùy chọn)"
        }


        
    }
}