{
    "label": "Shop",
    "inputs": {
        "desktop_page_header_show": {
            "type": "switch",
            "label": "Show Page Header",
            "value_type": "boolean",
            "check_label": "Hiển thị page header",
            "value": true
        },
        "desktop_page_header_background_type": {
            "type": "radio",
            "label": "Loại hình nền Header",
            "data": {
                "default": "Mặc định",
                "custom": "Tùy chỉnh"
            },
            "default":"default"
        },
        
        "desktop_page_header_background": {
            "type": "file",
            "label": "hình nền page header",
            "accept": "image/*"
        },
        "desktop_page_header_use_category_image": {
            "type": "switch",
            "label": "Use Category Image",
            "check_label": "Sử dụng ảnh của danh mục làm hình nền page header"
        },
        "desktop_page_header_use_product_image": {
            "type": "switch",
            "label": "Use Product Image",
            "check_label": "Sử dụng ảnh của sản phẩm làm hình nền page header"
        },

        "mobile_page_cover_show": {
            "type": "switch",
            "label": "Show Page cover",
            "value_type": "boolean",
            "check_label": "Hiển thị page cover",
            "value": true
        },
        "mobile_page_cover_icon": {
            "type": "iconpicker",
            "label": "Cover Icon"
        },
        

        "affiliate_color": {
            "type": "colorpicker",
            "label": "Màu chủ đạo"
        },
        "affiliate_border_color": {
            "type": "colorpicker",
            "label": "Màu viền",
            "placeholder":"Nhập mã màu. Mặc đĩnh theo mã màu chủ đạo"
        },
        "affiliate_logo_background_color": {
            "type": "colorpicker",
            "label": "Màu Nền logo",
            "placeholder":"Nhập mã màu. Mặc đĩnh theo mã màu chủ đạo"
        },
        "affiliate_text_color_color": {
            "type": "colorpicker",
            "label": "Màu text logo",
            "placeholder":"Nhập mã màu. Mặc đĩnh: #fff"
        },
        "affiliate_price_background_color": {
            "type": "colorpicker",
            "label": "Màu nền giá",
            "placeholder":"Nhập mã màu. Mặc đĩnh: #fff"
        },
        "affiliate_price_text_color": {
            "type": "colorpicker",
            "label": "Màu nền giá",
            "placeholder":"Nhập mã màu. Mặc đĩnh theo mã màu chủ đạo"
        },
        "affiliate_settings": {
            "type": "area",
            "label": "Thiết lập cho từng Affiliate Url",
            "value": "affiliate_settings",
            "@title-by": "title"
        }
        
    },
    "config": {
        "title": "Thiết lập shop",
        "layout_type": "AAA",
        "form_groups": {
            "desktop": {
                "title": "Thiết lập shop bản desktop",
                "inputs": [
                    "desktop_page_header_background_type",
                    "desktop_page_header_show",
                    "desktop_page_header_background",
                    "desktop_page_header_use_category_image",
                    "desktop_page_header_use_product_image"
                ]
            },
            "mobile": {
                "title": "Thiết lập trên mobile",
                "inputs": [
                    "mobile_page_cover_show",
                    "mobile_page_cover_icon"
                ]
            },
            "affiliates": {
                "title": "Thiết lập affiliate",
                "inputs": [
 
                    "affiliate_color",
                    "affiliate_border_color",
                    "affiliate_logo_background_color",
                    "affiliate_text_color_color",
                    "affiliate_price_background_color",
                    "affiliate_price_text_color",
                    "affiliate_settings"
            
                ]
            }
        }
    }
}