{
    "label": "Sidebar",
    "inputs": {
        "desktop_sidebar_post": {
            "type": "area",
            "label": "Post sidebar bản desktop",
            "value": "desktop_sidebar_post",
            "@title-by": "title"
        },
        "desktop_sidebar_page": {
            "type": "area",
            "label": "Page sidebar bản desktop",
            "value": "desktop_sidebar_page",
            "@title-by": "title"
        }
    },
    "config": {
        "title": "Thiết lập shop",
        "layout_type": "list",
        "form_groups": {
            "desktop": {
                "title": "Thiết lập sidebar bản desktop",
                "inputs": [
                    "desktop_sidebar_post",
                    "desktop_sidebar_page"
                ]
            }
        }
    }
}